chr	pos	stoich
1	100874411	0.0852651006787037
1	10403085	0.0682441869736718
1	10413090	0.125533898550227
1	10413123	0.162008726319811
1	10417451	0.172459110679609
1	10431372	0.830658967521708
1	1082418	0.30745273462215
1	109310866	0.3072845674686
1	109342073	0.527763977934632
1	109656185	0.0526805791457891
1	109656757	0.0678574385089485
1	109690293	0.118439389579722
1	110018427	0.0668707947607494
1	110407732	0.0818478602574851
1	111704439	0.0999500469845747
1	112670063	0.0521740883321725
1	114780658	0.0614374685196043
1	116389454	0.137161265998873
1	116389690	0.0633020045363457
1	116395204	0.0503731064490321
1	116398703	0.0953596921033376
1	116398759	0.0962905088295314
1	116404439	0.0584570476533648
1	1217212	0.130388694973179
1	1254957	0.130025595452791
1	1390995	0.0809822982305021
1	147993247	0.106729277296182
1	150294195	0.0689841521494621
1	150308286	0.072812897087478
1	150622412	0.174721973103132
1	151008503	1
1	151265180	0.0760939159902703
1	151982965	0.0603133594062235
1	153543659	0.145776311189478
1	153607365	0.159573570312084
1	153658862	0.0592493060121027
1	153959729	0.103311967435662
1	153991195	0.140998854109936
1	154156734	0.0559916230638498
1	155057909	0.251039767812389
1	155235763	0.0744168913196778
1	155911289	0.283956917299481
1	156009266	0.0822217428848711
1	156232352	0.105766881836151
1	156293551	0.0593082876964647
1	160262367	0.0810350931502523
1	160290609	0.10572300373808
1	161781935	0.116280763102258
1	163326087	0.0517636032703607
1	165727419	0.0660970841368054
1	166854177	0.831106341393866
1	167546103	0.0641529544231305
1	168252954	0.117915375617665
1	169324421	0.0629753289890732
1	173488643	0.110389516739408
1	17407950	0.149949930889752
1	182859079	0.077346487649855
1	182876870	0.0794581144270688
1	186385991	0.0696961292268379
1	186932781	0.0576263037017097
1	186939026	0.0742497383720449
1	186956251	0.0505908323212096
1	19244941	0.112911055525784
1	19357510	0.101568223728785
1	196725201	0.0835722733856725
1	196726927	0.0746507128479161
1	201135541	0.0641563460031702
1	201858511	0.0968288641015394
1	202003294	0.0863294185080732
1	20637848	0.146031152183273
1	20649197	0.0683256174344444
1	20652170	0.0560522366305734
1	207324564	0.0518947911252407
1	20744168	0.116372845414715
1	20853590	0.146373280038373
1	209617929	0.152556945230133
1	212807781	0.107187361590614
1	215608091	0.327474289802164
1	21748197	0.0858469105977064
1	220114461	0.0636658147434409
1	220139051	0.156999877862929
1	22092496	0.244494778195207
1	224190102	0.056084616046703
1	228141751	0.266843707926076
1	229431518	0.077729906473194
1	230236037	0.461098124736111
1	235328695	0.0641455355656458
1	244843050	0.158761275298678
1	244843795	0.0827462817140457
1	246507261	0.733396477054509
1	25246825	0.0625960660851096
1	27335748	0.193958653977307
1	31310140	0.059348763516372
1	31348848	0.0696356306269702
1	32669237	0.0511131508877799
1	33014553	0.602937478954652
1	35603333	0.655075414403938
1	35920587	0.985640042720306
1	37513501	0.0648542167748856
1	37595930	0.0525185195087278
1	39565149	0.258622516970004
1	39749068	0.102671542654955
1	39883415	0.10504542868956
1	40060093	0.151395191063687
1	40072563	0.0839511946405284
1	40073868	0.0730253069049076
1	42926727	0.782190363805421
1	43450940	0.916300952566826
1	45013737	0.145763328385753
1	45551081	0.0516298717703085
1	45616358	0.0585119895440287
1	46316626	0.0588505708374513
1	46316692	0.0508997089455956
1	46572094	0.345398097636196
1	50788086	0.0559157644400482
1	51789424	0.063231534790011
1	51791640	0.0920850957992448
1	53027999	0.567052061961741
1	53796991	0.0860849476639186
1	53807773	0.0804478907562851
1	54047317	0.0666977696838891
1	54851248	0.10692566353098
1	54875984	0.0835039012701511
1	61701018	0.0604798963621077
1	6185970	0.222856319957009
1	6197683	0.0541794058947561
1	6554420	0.140675482584659
1	6623607	0.278850198810785
1	68150241	0.205928815847818
1	68475183	0.22878418547178
1	86863213	0.0673071699374982
1	92850886	0.0780838109053952
1	93180184	0.15450312461522
1	9731316	0.0637681897406136
10	1010457	0.0857293489306776
10	101784907	0.106129874236886
10	1044099	0.855139899951144
10	111079591	0.0672925466515737
10	118310855	0.063718535108367
10	119072901	0.06736908032116
10	119072981	0.886312308220887
10	119168411	0.0674987381978959
10	119596637	0.316541970748834
10	119596953	0.0538852376129214
10	122512032	0.128370763834014
10	128098760	0.0550697875422656
10	133309011	0.0583787660960809
10	133362755	0.0675980061784857
10	16437038	0.073363859018632
10	16754909	0.0588065179102676
10	17235211	0.105173372168561
10	27538846	0.121286912301077
10	3112272	0.25491226290346
10	32929866	0.124268739852067
10	45003654	0.239095199923979
10	4989916	0.110492605840294
10	6841292	0.365374131144227
10	70422028	0.869249751081396
10	71816374	0.154842330789354
10	71816664	0.429061329384897
10	71817048	0.124268327117188
10	71819612	0.110254190935794
10	74107259	0.0624055554116249
10	74118379	0.118348178155979
10	74119794	0.0564433266567028
10	74525334	0.0673021698504721
10	7799164	0.0597939057387951
10	78035402	0.122460535642966
10	80166915	0.10000479547654
10	80432038	0.12312585445673
10	810246	0.212872522850822
10	84141542	0.0722442288935775
10	88941381	0.110299407000927
10	89306343	0.213233923586753
10	89709244	0.0903839990654534
10	93319885	0.221201699930402
10	95653349	0.0712980459034016
10	95683527	0.0792500608812533
10	99727059	0.0689504363268598
11	102396426	0.228554718889037
11	102396590	0.0818854648956206
11	103066547	0.0837253955850035
11	104949714	0.0689174716129819
11	10525351	0.0990262466439682
11	106090565	0.158045512256487
11	111882568	0.0908957633322974
11	111908886	0.063006599995123
11	112086264	0.0809869198502724
11	116782228	0.101927183048459
11	118409636	0.0930356113899018
11	119015843	0.28654883585653
11	119311595	0.122008906350795
11	119418679	0.463661710400821
11	123060133	0.0793875384392862
11	126267682	0.0628312085647866
11	130109489	0.115686709987622
11	130141947	0.181213963560998
11	134225163	0.0835989888292499
11	13694828	0.0821138175029068
11	14517894	0.0655892813016889
11	1753552	0.164616534105729
11	18083617	0.161665597448062
11	18407251	0.0557719186737377
11	20367210	0.0886256117300877
11	20462023	0.0742404947415403
11	20464512	0.0652650167022505
11	239043	0.116796666024839
11	2945362	0.0516183602031415
11	31647755	0.090717412229233
11	34100993	0.0720941666876045
11	34916299	0.0542744866275397
11	36274479	0.0705643662636698
11	3823905	0.147203453005673
11	4092507	0.399325442564588
11	4127108	0.0837478478680426
11	43855271	0.0599715027160258
11	43889772	0.0849925589990202
11	46383492	0.24366809840107
11	47052470	0.0579206896963543
11	47245775	0.0642806531024054
11	534216	0.0614235298804939
11	57741586	0.124346583621648
11	60923252	0.122167454615474
11	61302675	0.0619906690391853
11	61349042	0.111596790391907
11	61353016	0.0754692838012106
11	61863025	0.0772484708835896
11	62625827	0.0654691752096653
11	62790120	0.0664877838866221
11	63759781	0.128920809219596
11	63760976	0.669707499868478
11	64230919	0.364414900872481
11	64235825	0.172971111939609
11	64236323	0.199744525849542
11	64270107	0.0760762622760972
11	65210447	0.0597740161525061
11	65502921	0.268801387652876
11	65503351	0.36949095862822
11	65506156	0.571629326232273
11	65546561	0.217375451511733
11	65855434	0.153571723327884
11	65883935	0.080629717242201
11	65885581	0.196387722638662
11	65886340	0.0652194701450824
11	6609581	0.0732745693872651
11	6614957	0.451554236589069
11	66567261	0.20989392787377
11	67628214	0.842991240344551
11	68018783	0.0737452917378545
11	68028620	0.0878202073063248
11	68690982	0.0502626190593555
11	71434687	0.0755163381679216
11	71439036	0.10850884802416
11	72109696	0.214112003297518
11	73844904	0.162158755170423
11	75405650	0.121746444546313
11	77734873	0.0703301731478551
11	78114346	0.0885722894356751
11	7992119	0.0690738131911597
11	83273966	0.0719008077700898
11	85634144	0.165537534759211
11	86306294	0.0552215268068493
11	86808511	0.0834372130544184
11	8684732	0.148955453520467
11	8712682	0.282927398235914
11	88294008	0.0604459158085355
11	8948253	0.0622873936301119
11	90202522	0.10257870849734
11	90206241	0.0802244240880454
11	93730259	0.109039547710056
11	93733394	0.126962376749362
11	93734718	0.297774730980049
11	93735078	0.140187063579166
11	94874364	0.796272090432783
11	95862100	0.0831045255389432
11	96365046	0.0949119491921656
12	100098541	0.279235407158072
12	101723768	0.105667621536325
12	102164520	0.140573051345169
12	102165761	0.0666907230382174
12	104349178	0.0585949786734484
12	104758008	0.114019717345604
12	105370694	0.0644049384513211
12	107093480	0.145148729154543
12	110381852	0.0529923465455398
12	110453845	0.0621739239181402
12	112022846	0.187496786229074
12	112022859	0.156745037727872
12	113297184	0.134693603991684
12	118144938	0.071322175888081
12	118246354	0.0508968036466725
12	119194491	0.0779253598076298
12	120198593	0.0566272234621563
12	120199451	0.192593234895095
12	120440585	0.2009924295645
12	120444053	0.109355842729781
12	120503678	0.0801101935380957
12	120764051	0.497264291918814
12	122133526	0.0956905465285869
12	123627145	0.0720220804210965
12	124012694	0.882994072966477
12	124778289	0.150145021599864
12	124786376	0.0643599655441305
12	125025556	0.130549202813827
12	14542228	0.154972891580591
12	15889959	0.0920976864245207
12	16363985	0.0579549315145152
12	20648757	0.0556293437886633
12	21501357	0.613778686477932
12	26934588	0.0542288906851665
12	26999543	0.120500437501557
12	2803909	0.526851396643642
12	3211831	0.171070913759118
12	44665504	0.409925522097877
12	48938164	0.179886553285402
12	48938897	0.0539604284934945
12	49185645	0.0955750931953289
12	50120313	0.130279937640882
12	50120390	0.0766708301214608
12	53443441	1
12	55831003	0.352647455912391
12	56107068	0.0604336628041513
12	56155512	0.122764282968751
12	56282467	0.120752507179732
12	56310526	0.0609098227004989
12	56311251	0.143348459548925
12	56725350	0.0519679925087586
12	57211260	0.226202095040149
12	57233271	0.0512954387709799
12	57234397	0.0510517003412281
12	57234601	0.0834031306079539
12	57500363	0.079930027583967
12	57532803	0.0568905892806575
12	57715925	0.0850162231003119
12	57820227	0.116541058947311
12	62260473	0.051394380364892
12	6235513	0.0658328476744478
12	6385341	0.0973769113995794
12	64431750	0.08769924469599
12	64728966	0.0891081392165617
12	64737047	0.386912657612471
12	64759154	0.0779695182433816
12	6526537	0.0867778232248159
12	6529908	0.0648116498598037
12	65465967	0.375755031734693
12	66152281	0.0514376021612253
12	6727941	0.107212521025479
12	6727972	0.124397485084534
12	6862528	0.109138832597987
12	6870079	0.0760040796146963
12	7070719	0.181762913546039
12	7080513	0.242874497639526
12	7089338	0.149151080732689
12	8646430	0.190216580321256
12	8647839	0.110862354730402
12	8647952	0.0677734393158503
12	8941306	0.456861388559673
12	89655835	0.0622627052355265
12	9072718	0.0830707158832543
12	9077832	0.143611146716044
12	91108525	0.0836574686899555
12	91108964	0.138112824906532
12	93501289	0.0548598916980328
12	93501405	0.05048509443883
12	98598657	0.0817398044594433
13	110506571	0.170516311327204
13	110512659	0.0668182935566292
13	110512877	0.0752228757355323
13	110893156	0.313594797771228
13	113177839	0.0521727966668825
13	113310776	0.100774261015189
13	113848043	0.178926860257771
13	21496133	0.0815068177759576
13	21510052	0.100600154372996
13	24426505	0.512023965622289
13	31138811	0.129091464086389
13	36950006	0.0797935114794728
13	36952595	0.0605835995634832
13	45336918	0.0707111683996705
13	47942746	0.0685370095949067
13	47943286	0.0703763480752172
13	75636473	0.368947626751437
13	75823868	0.0793102417551034
13	91728543	0.129062233551169
13	99539552	0.0512145793979728
14	100835262	0.356475072428365
14	102083607	0.0641273564867799
14	102085860	0.0983516512207814
14	103912536	0.113821193808037
14	103912631	0.180397834432974
14	104895759	0.433013552056998
14	105479813	0.0596946142052666
14	20311732	0.133302726436745
14	21116490	0.0707142434329303
14	22612166	0.0806846119554909
14	22771104	0.0670997247378112
14	22834508	1
14	22947978	0.0698488664092924
14	23048212	0.379680031945709
14	23307820	0.254968357693821
14	24143976	0.0972316342402675
14	24189522	0.135984680639689
14	24440208	0.541771463744477
14	24442196	0.0639671163965604
14	31101239	0.154773261674848
14	34434274	0.146564111129628
14	34605681	0.0614192865094614
14	35081212	0.0513140808613541
14	35091136	0.0810009521956477
14	39114428	0.0887724865993771
14	49621856	0.106317004362606
14	52431947	0.234918138589403
14	58408776	0.0593961861157642
14	58427128	0.0558081229959822
14	60156101	0.0600783741179344
14	65901330	0.068096513654888
14	67656435	0.0774265830844105
14	68874552	0.0915151994166036
14	69380270	0.910176656638306
14	70032218	0.163194960171082
14	74071478	0.620457474398459
14	74480184	0.0547627472642389
14	74495035	0.0518579716023693
14	74763545	0.0568748069111231
14	77462656	0.378796554469121
14	90404726	0.0638246669578194
14	93239980	0.24411527570891
14	94102615	0.391163985895508
14	94127985	0.123048831708664
14	95544624	0.114391142757342
14	96881418	0.180188459540989
15	24975487	0.0682770722388636
15	30905198	0.327877082935707
15	33870995	0.0640752515018198
15	39584032	0.225585573807261
15	40170066	0.0917929664555678
15	40213358	0.0899866326236069
15	40767599	0.323017240439174
15	41578519	0.298910570341585
15	43194802	0.0711786948767853
15	44717723	0.130979731703816
15	48411281	0.89897809014399
15	48456761	0.0851738019522988
15	50725248	0.100808629569429
15	52121179	0.08678041152995
15	59114857	0.126134719061216
15	59652247	0.0537476148691726
15	63071753	0.0555471741501355
15	64983519	0.0500734101138597
15	65029572	0.620192686171721
15	66503464	0.0816921771251673
15	67202720	0.0985939798339323
15	68207298	0.142171061760552
15	68302417	0.0860684318787099
15	68303830	0.198266550316752
15	68315710	0.063253799108051
15	72199475	0.0662879295287428
15	72344047	0.247355014661935
15	72346533	0.0881030455428519
15	72351206	0.0513908028694747
15	73592125	0.0600802992354832
15	78285309	0.0943668486290501
15	78290039	0.0529830719301537
15	78897361	0.071345435865481
15	79322715	0.0711891770755404
15	80695493	0.0532002078054761
15	82372539	0.0693908924473194
15	84655160	0.175440043031758
15	89274212	0.0782932977566093
15	89316505	0.0800953661555806
15	90981762	0.0769194495198232
15	98891521	0.159741981784713
16	11556547	0.0794579217075357
16	11675997	0.0923679612605133
16	11750640	0.132485900470638
16	1361949	0.060162004023238
16	1362082	0.0884161415355535
16	1362098	0.119094460756566
16	15037297	0.0675944415505905
16	1773137	0.0872912487737773
16	1826586	0.0939557618351501
16	2027045	0.263656690921017
16	20924377	0.0628568643397656
16	23689282	0.0878327607757987
16	264847	0.0596599185445186
16	2767161	0.083218477759828
16	2769711	0.055832801758304
16	28537559	0.0994588942092332
16	28872589	0.317359617523632
16	2971280	0.143093977193878
16	29797015	0.0628566362732841
16	29810736	0.0762542301332887
16	298193	0.0526595652108791
16	29971528	0.106507990738611
16	30423988	0.0554019242623237
16	31093347	0.184206441488405
16	31108436	0.0641467296994836
16	3950484	0.0776960191084278
16	46676662	0.0797521108090868
16	47311407	0.907388184524929
16	55489661	0.334927232362851
16	55509164	0.102245648735112
16	55833	0.0500004279895054
16	56362360	0.515451510520659
16	68310763	0.0618257106893458
16	69120318	0.122844398850635
16	69342144	0.851236116874059
16	69709735	0.0980083380325259
16	72012261	0.105534581002662
16	74463413	0.273996132668442
16	75629517	0.0696154051498869
16	75631818	0.0997735356512965
16	75636466	0.0668479650217524
16	75641654	0.0954742130554832
16	764720	0.0759823552202464
16	765126	0.187307036246968
16	80975843	0.0555194070929094
16	83125399	0.115000599036503
16	83602513	0.0770460923988196
16	83670966	0.218279357600187
16	83795051	0.341123396997746
16	87404287	0.0844887176284693
16	87830361	0.135263216561634
16	88646784	0.0788870504399579
16	88813983	0.0887754534308907
16	89887657	0.0930688062141916
17	1508212	0.0831941573707694
17	1519533	0.0870300129017801
17	16382728	0.0513943722076007
17	16439247	0.0730168843534933
17	16441570	0.0557943119899402
17	16441870	0.827400486683528
17	18328177	0.119370747002408
17	18328415	0.496721698800864
17	19362643	0.0668560299105546
17	19577810	0.33505909071624
17	19663388	0.07160433855797
17	19742208	0.154489771230846
17	2042753	0.0622792040220756
17	2502251	0.0781352907404416
17	2690398	0.118334116052638
17	28347348	0.0720372262929361
17	28560096	0.0935558201305185
17	28577719	0.104921846975259
17	28578437	0.0807269250405968
17	28592955	0.171945185908804
17	29572478	0.648859313672555
17	30900439	0.0819806198924492
17	31852061	0.0712362340082539
17	35724244	0.185507369131788
17	35724705	0.142938280863932
17	39201278	0.132057010448761
17	39407906	0.620797551731911
17	40093199	0.356530599923497
17	40295391	0.508020257952072
17	41817138	0.142266579054226
17	41822989	0.0564901105102445
17	41883214	0.0536954278552432
17	41886163	0.051688255010606
17	42543235	0.0679229409775944
17	42842383	0.0702171081241812
17	43015308	0.0552152521373616
17	44189142	0.119269537465268
17	44322483	0.0701732773945085
17	44967615	0.0974446522534067
17	45246968	0.27865921662452
17	45263486	0.0908976145641609
17	48936230	0.0663272563972826
17	49043468	0.143313913184721
17	49413192	0.059668583238188
17	4942655	0.11815097204804
17	4944900	0.442536203496195
17	4960086	0.0943148747487509
17	50078851	0.073773937791588
17	50089658	0.166183974920332
17	5387818	0.0640036556157071
17	54968408	0.0841365348757396
17	56985415	0.118549143251774
17	58004503	0.204517663508624
17	59674727	0.088359860207822
17	59697318	0.0563466158925039
17	59808850	0.0840411998918166
17	64146281	0.0667246915734568
17	67378048	0.195822282059106
17	68251125	0.140517950781431
17	68530397	0.0511989538797309
17	7311906	0.100558377665974
17	7312213	0.0782085067918298
17	7313924	0.0506278170507052
17	7389765	0.422190759645539
17	7513900	0.0593936040935909
17	75266051	0.0540449543356391
17	75318361	0.064292575283653
17	75321753	0.0923920914485532
17	75517059	0.33241908735004
17	75794014	0.522234559240434
17	76005925	0.164364971432911
17	76680662	0.0935763470752926
17	76744380	0.330106957664606
17	7688867	0.0798939784126982
17	78224666	0.167165650700919
17	78854126	0.130866474729752
17	81035177	0.093382670611729
17	81241043	0.0629562939868216
17	81845909	0.0610152439554245
17	81900214	0.0787746098071147
17	82061698	0.0635233583950488
17	82405375	0.20833896375623
18	11908250	0.11388613817176
18	12963345	0.0569269650732444
18	21704701	0.052348610055185
18	28013769	0.0647239629149957
18	3256189	0.300361348444547
18	36124630	0.109372908589408
18	36796846	0.0652443754212702
18	36818908	0.087233316852472
18	46086442	0.0953945655539368
18	50394072	0.125031288635222
18	63329163	0.0547682276973111
18	63504113	0.136325887230928
18	68715062	0.0787620155042531
18	688585	0.10930253653644
18	74510888	0.145222648227931
18	9401340	0.433075398629766
19	1020866	0.0939488079742614
19	10391186	0.140149096131137
19	10835293	0.0622558748260166
19	1089903	0.0973370023910075
19	1089957	0.0658195883619773
19	10919948	0.117598137877691
19	11436069	0.0829578457343693
19	11447112	0.244061584067339
19	12875753	0.197595845109966
19	12878523	0.0638129282781792
19	12940792	0.0680675972498337
19	12940843	0.153960159377181
19	1435642	0.181244731152525
19	14478487	0.0726008148312552
19	16102622	0.112877750583856
19	17582936	0.0853877399973539
19	17862095	0.0653581611227827
19	18175615	0.0567111734788213
19	18175669	0.108312864840897
19	18177899	0.0665308034466571
19	18539437	0.12784024191953
19	18571890	0.111361803654498
19	18597025	0.353568890807073
19	18598856	0.0814767841561608
19	18599690	0.301072810615599
19	1925661	0.0598636857113132
19	19645303	0.0711673859667196
19	19649862	0.0829101122172825
19	19654662	0.19712240399618
19	1980907	0.203938113692097
19	2271393	0.0821081069199245
19	3055696	0.134500112440361
19	34194479	0.9312389448439
19	34368693	0.0832536444788243
19	3468893	0.246558925187796
19	35279516	0.160443137112217
19	35658751	0.081212073539824
19	36142943	0.0519123387844338
19	36143121	0.0568566088376142
19	36145831	0.0856012420851353
19	3762805	0.0612826955864527
19	38383622	0.0512266136975539
19	38632476	0.0508940379983583
19	38635010	0.0566765671430475
19	38837606	0.120178316240168
19	38845681	0.0765914747197955
19	39433231	0.128265066570662
19	39485791	0.101201859755544
19	40366654	0.154490379508767
19	40377821	0.137639581090211
19	40377866	0.160465197772589
19	40378040	0.518335683262123
19	40629729	0.45298518156003
19	41261504	0.535926705893011
19	41348392	0.112571019341204
19	41431527	0.0652387361946197
19	41431930	0.111038197673753
19	41956889	0.0719789134998829
19	41958327	0.0768050767681701
19	4306238	0.7219347906294
19	44811288	0.219194494000407
19	44991352	0.0561655253205409
19	44993321	0.0755551443825413
19	45493200	0.122310613905339
19	46838229	0.105495806840361
19	47419410	0.964338366200265
19	47492025	0.110468255234231
19	48451227	0.0946072317955629
19	48615358	0.216177615262927
19	48720707	0.107936281073212
19	48904414	0.084259433432578
19	48966704	0.0579924986829511
19	49491457	0.173486168360779
19	49499678	0.0758938880756539
19	49654781	0.205233548752975
19	49869643	0.541660092041401
19	50482977	0.0922529621387677
19	52143058	0.0579365837348673
19	52220239	0.0588112499127574
19	55262614	0.073790175079053
19	55391255	0.683114452738862
19	58244047	0.550057217441867
19	583138	0.0529204084542713
19	6364500	0.0534522174664935
19	6680208	0.156659043376593
19	7519307	0.117853020704586
19	8322381	0.0549472217274366
19	881573	0.133722142013612
19	9161020	0.345107471519005
2	101006336	0.166748001618718
2	10784224	0.051607516327925
2	10802620	0.0671920835800644
2	110204945	0.0828521360619889
2	110672759	0.0523753246004362
2	112662958	0.0749862056832274
2	127063629	0.0614099607030109
2	131049504	0.762632284989473
2	131055693	0.251620431522108
2	135868801	0.0539608723121212
2	149579509	0.0803755223656436
2	151275520	0.0878784870343824
2	15605970	0.0752968627216893
2	159248454	0.675867457865353
2	1633808	0.0956489885511131
2	1635421	0.198061898125123
2	1639418	0.0530354368583277
2	1644742	0.0642496465528196
2	1653652	0.0890981487290164
2	1683674	0.0652541538284609
2	170951348	0.17154791117619
2	1744497	0.0800780241804939
2	182168035	0.191004116664871
2	182756440	0.109165817879757
2	182762729	0.0910316505692011
2	183159589	0.0552717416692184
2	186679475	0.105154317490449
2	186680811	0.0745024567467635
2	188990135	0.128992089782311
2	189004279	0.107985689735294
2	189010885	0.0658979937035527
2	190343814	0.0651533356335091
2	197486726	0.868157236462671
2	20037564	0.199908133520686
2	200818375	0.0802495501102996
2	201085563	0.0775296226020042
2	215326117	0.11109372718431
2	215336046	0.059627119462086
2	215361622	0.267588841796913
2	215379156	0.177616243242959
2	215380858	0.226042099466929
2	215391813	0.0808987252139913
2	215397770	0.11193873415963
2	215414863	0.208957979796868
2	215422096	0.257252904413555
2	216049361	0.132852936032176
2	216499392	0.268301489692608
2	219178259	0.0736819805684329
2	219218255	0.17181795359728
2	219502034	0.093485022308675
2	219539372	0.0587646194495796
2	223975678	0.14297665156653
2	223991898	0.502588069177832
2	227002836	0.127626304960241
2	227004406	0.104183865686059
2	227534928	0.0599884384425722
2	229357917	0.179879936224047
2	229512836	0.076699953004759
2	229591647	0.10201655794974
2	230219924	0.099277515294286
2	231172629	0.10432767840572
2	232482574	0.29022573132487
2	241160367	0.057082042292154
2	241228171	0.131090068205517
2	241335180	0.146842271279545
2	241337481	0.094825970388619
2	241352066	0.0658855048934239
2	241499332	0.0802278018939618
2	24790409	0.0611009607524214
2	27216543	0.055443404251151
2	27326828	0.883509170776716
2	27374122	0.0815044205485353
2	27664136	0.0786886905586719
2	3498846	0.109478596510315
2	38779000	0.0627998569468469
2	38781916	0.056723141779876
2	44342467	0.0626200294017566
2	63599257	0.0996055510951878
2	65270551	0.0589518721952785
2	70277980	0.291425445640383
2	70288168	0.0548307606214559
2	73227115	0.262682014169107
2	73247801	0.0770660498840045
2	73919437	0.244424216024874
2	74425144	0.100410742161333
2	74493631	0.29089942512121
2	74969517	0.071762522357926
2	85401256	0.0523558335657498
2	85410345	0.0654547807079683
2	85639308	0.0656835199219809
2	86118989	0.0661409975506631
2	86179518	0.0644724654977593
2	86504704	0.107116987101599
2	8682137	0.054587442162051
2	95090429	0.0919983454151215
2	9584978	0.192629829488713
2	9588290	0.0913287817657967
2	96185204	0.0552548227312887
20	1165385	0.0926408795667059
20	17941653	0.0541496747622212
20	24978772	0.112622418303614
20	25302250	0.124439190742708
20	2660769	0.0646726838920186
20	32157852	0.0820085431783967
20	3223583	0.0812184224576801
20	32358583	0.0528937213849199
20	35284418	0.0551232652869619
20	35542868	0.142521889200861
20	35557429	0.0907393485110094
20	36752723	0.0592511439590821
20	36941063	0.860231386095984
20	37213829	0.0748483546370872
20	37225723	0.0910034848227381
20	38128712	0.130218656227696
20	4024302	0.0517148138382756
20	44750936	0.485252246039045
20	44906659	0.0989038435586182
20	45410529	0.19372283238239
20	45416569	0.14427552628305
20	45419309	0.05020037323968
20	45425999	0.167413078447297
20	45426039	0.0983445143421734
20	45848594	0.0969097819160035
20	45897784	0.070768398846707
20	49077006	0.0581705214043027
20	49113647	0.0517172906545276
20	49221510	0.0526094728913544
20	49279133	0.138212519911264
20	49952785	0.198111962662306
20	58895642	0.0596987733196408
20	59028686	0.0911308993955902
20	59028812	0.124605871484888
20	63196574	0.0527070176608843
20	63742413	0.196548635089464
20	64063256	0.0710317398718382
21	25881387	0.124083634118845
21	25891798	0.108507629748707
21	25955679	0.118004228276236
21	25975224	0.0542633200473098
21	26000029	0.0600529640742365
21	26000089	0.346368577942896
21	29006324	0.244525660521964
21	29063500	0.051772282716498
21	31666473	0.067629092107488
21	31668704	0.0514272633557151
21	33551458	0.0584247559991899
21	33837093	0.283699802677899
21	34142501	0.189461320210312
21	37096640	0.388151672641695
21	37166197	0.0961030400870097
21	39178607	0.0597915524031359
21	39345899	0.379386855148723
21	41226299	0.181021848945112
21	41257194	0.105750575103858
21	44037840	0.511523330538493
21	46291348	0.166631028277099
22	19177964	0.360329105680766
22	19465252	0.0902900293863879
22	19508568	0.064609352312695
22	20870467	0.100773791790505
22	21762150	0.050873307673444
22	24541687	0.745485175870273
22	29351771	0.154046044831159
22	31420277	0.0955256212636427
22	32396118	0.0551263232478797
22	35424407	0.226599066093059
22	37658950	0.29546996035963
22	37877839	0.0504721161442004
22	37878111	0.061302009449309
22	40824900	0.519081330998011
22	40972653	0.301719856408962
22	41628154	0.0574946809301649
22	41770954	0.068365301111694
22	41906158	0.0882068414487912
22	42630961	0.137586515009641
22	44119087	0.124718270742458
22	45525645	0.0576875405556104
22	45729539	0.0577270103694048
22	49927414	0.187303768659425
22	50516511	0.080635076152349
3	100348870	0.0842936704567441
3	100555210	0.132593900667464
3	101685915	0.0511212796389963
3	101821674	0.183749548830322
3	108060768	0.0619190143042473
3	120404922	0.0681572087786188
3	122359772	0.0670638399713543
3	124763715	0.0901683172832247
3	127573630	0.761709631320545
3	127622047	0.13879273752589
3	128064896	0.0899194718720314
3	128097491	0.0611533842198377
3	131498207	0.0926839435511075
3	13371848	0.638634173940763
3	134478147	0.0668415968211561
3	139373670	0.0601875175195381
3	139379159	0.0509440625845586
3	141903647	0.0755468084153819
3	142818098	0.161222399555575
3	142827602	0.0796811239934307
3	150544462	0.0572111344476038
3	15255825	0.102062269531768
3	15269756	0.0624553742869602
3	158809182	0.0989991888011086
3	167824507	0.103884954408064
3	167825486	0.119986443711011
3	179615046	0.0817212837533376
3	184180241	0.0798297294364789
3	184180914	0.0529697080878333
3	184181758	0.118869114281126
3	184242888	0.0974283956719685
3	184307397	0.0639890700535409
3	196939301	0.0720706026256385
3	197950967	0.0785372406560608
3	197955804	0.122962791932028
3	23918458	0.131107570104912
3	31622154	0.189395723395898
3	31636976	0.0594676157734765
3	3172570	0.255123092550142
3	32483072	0.276466711750729
3	33014276	0.15570456508231
3	33016726	0.251807292726644
3	33143330	0.131438139947715
3	33845483	0.0745947700251105
3	39408704	0.139043148189176
3	39411898	0.0650635403067573
3	40457969	0.0583813264919312
3	42784877	0.126923402804061
3	43577243	0.110235570687024
3	43702409	0.089306339099652
3	45011328	0.0611444505093866
3	47846614	0.369733352067454
3	48564305	0.0984465855049363
3	48605774	0.0675519726677529
3	48967192	0.0695272643917022
3	49099848	0.0755585262898411
3	50326375	0.050101087574314
3	50358492	0.176026601370423
3	51392762	0.0717927470693122
3	51980568	0.200533913675247
3	52247158	0.270381208001128
3	53092505	0.0761718405651998
3	54764222	0.0534528909274328
3	54764223	0.11541884525143
3	58430218	0.0689196867229862
3	93886401	0.299466736952626
3	9761493	0.0753105729236276
3	9841823	0.411249334377333
4	10097748	0.097220592748819
4	102262314	0.0805560234515848
4	108620602	0.155440892012577
4	1113540	0.0510585019794547
4	114622992	0.054448765509847
4	121677925	0.131774382324559
4	128270301	0.270614051981193
4	138165713	0.158409147398632
4	141637007	0.0503961430592494
4	151102981	0.0637492544786478
4	165484600	0.165032292686689
4	167062519	0.10104656016256
4	168187642	0.122709934588392
4	168832124	0.146767095348759
4	173321899	0.0556818065558078
4	17490664	0.153846533034374
4	17607509	0.0808470519326146
4	176320129	0.123143705739405
4	182915517	0.0826176513430777
4	185145853	0.0744481304611279
4	1974835	0.56217661978407
4	1974858	0.322264236007849
4	25234067	0.591122459998555
4	25757599	0.0881726630375787
4	2932661	0.178533182027967
4	3524962	0.0904369652357978
4	39454598	0.152231551156145
4	39456447	0.0887180800314148
4	44722128	0.0888359966316222
4	48848428	0.293565114564804
4	52023813	0.0546818451906305
4	533897	0.343758943480931
4	56986395	0.0663011557396329
4	57040894	0.10647936745071
4	57110339	0.261197586909555
4	6621750	0.345803625585714
4	71025894	0.133678914381905
4	766282	0.0534135040669435
4	77894177	0.0664590489768094
4	83273552	0.114633039009543
4	88506058	0.757060503904777
4	88521728	0.0595220042674988
5	10226802	0.0514189584412281
5	102926588	0.0792864493910151
5	103007507	0.0936054844773032
5	103017356	0.0664032242503789
5	103019792	0.0556689356392184
5	109379252	0.58136012696505
5	112876652	0.280624455476155
5	122075452	0.0913729030772171
5	123036591	0.0716908583109854
5	129113482	0.052228908564515
5	1318304	0.0695919949141561
5	134157659	0.175928626773044
5	134927314	0.107982815896643
5	135028610	0.0527789643614637
5	136063751	0.0593094362670727
5	136975857	0.0521260968268557
5	138185154	0.0981784221602712
5	138783179	0.0977309382008035
5	138824794	0.0825825553757914
5	138887548	0.224626596082353
5	139329857	0.0695770330673996
5	140645695	0.0630109294357526
5	146168227	0.0999729475129606
5	146171969	0.0527115909613153
5	147405674	0.176649180181296
5	147415784	0.104560399812546
5	147901594	0.0840614208518536
5	151138764	0.116818335034036
5	160427727	0.0535630329164227
5	163457024	0.0503046873459656
5	168616893	0.0927227373871005
5	171391345	0.119927839506625
5	171410625	0.11675974046761
5	172909723	0.110314239270401
5	177305904	0.0997505059163391
5	177306150	0.052156706750529
5	177337168	0.121545699029884
5	177338568	0.0763629922019915
5	177596002	0.0692218821290929
5	178149556	0.0795053270028882
5	179797663	0.0954806076550056
5	179799600	0.133270827245703
5	179837689	0.0822745588192047
5	179955637	0.122128201675007
5	181243860	0.0560296505356503
5	1814351	0.0713135110507716
5	228221	0.0504568333576782
5	35860857	0.0905143104065448
5	36151860	0.0617140143179929
5	37722876	0.0684289892836118
5	40835181	0.362961391654827
5	41850160	0.0564210390821175
5	43628220	0.0963926422482683
5	61152898	0.0780169283737869
5	69123368	0.880228009525955
5	69171404	0.0603512198998656
5	72855919	0.0609476871903452
5	72912603	0.0683728881688302
5	74713572	0.095018651708469
5	74713616	0.0622029161167372
5	77419797	0.285323099916184
5	77437419	0.100011487077626
5	7877970	0.0728994768536909
5	81312916	0.0608062222525882
5	83940785	0.0553753898432949
5	86620908	0.0700521032938898
5	91311325	0.236381310967712
5	93594462	0.0802648772088433
5	94942379	0.0921008111699849
5	95886831	0.490368283828587
5	96390922	0.901156610487137
5	97179180	0.0630985661584981
6	10410280	0.0645665367617822
6	10756807	0.121129998590017
6	108223031	0.116440680390883
6	110967668	0.113550862454157
6	112114164	0.0821949033294881
6	113944402	0.135730503588822
6	117999307	0.0787992133761607
6	122610431	0.0717464435018926
6	134986168	0.724854065558093
6	135465840	0.503067898512193
6	138792849	0.0660671133179586
6	142218667	0.073446916695025
6	143061483	0.0715354300619689
6	143502363	0.0911970317010525
6	149579889	0.0608513367935149
6	149853121	0.0602618021596048
6	149917036	0.330592865551666
6	150898903	0.0913425222482331
6	151092541	0.238607120879021
6	152975604	0.606864451284177
6	153282576	0.209706343846563
6	158192256	0.0913050414260099
6	158632486	0.226760910994209
6	159768530	0.0766974384826027
6	159779136	0.0703828014186828
6	26123720	0.124736557237394
6	26158552	0.0737296408638289
6	27126375	0.386377860459113
6	30492874	0.125635536896539
6	32857297	0.0793738055989082
6	32972119	0.0664157475660158
6	34246159	0.0623621918957418
6	34392492	0.0925062475301063
6	36856640	0.119359404376777
6	42935608	0.118334373460006
6	42938745	0.052944819491179
6	43054271	0.0552282664015179
6	43225703	0.0781646484971246
6	43225785	0.0705267376339025
6	44231401	0.395065812051011
6	44249713	0.0817031264359672
6	44256715	0.0708168735127351
6	7882823	0.0858298204469419
6	7883094	0.0671328836621987
6	7904722	0.0527573924920974
6	79201301	0.0599052422127081
6	80167728	0.169212295219701
6	83216550	0.0761911085569863
6	87340319	0.0998474164894512
7	100613500	0.161768049654922
7	100868736	0.0909279013689743
7	100873195	0.28880485980556
7	103141703	0.252191429688811
7	103141715	0.204717020032986
7	103311810	0.237116979171548
7	105547045	0.207503700468057
7	107749031	0.0535167252979911
7	116953595	0.0545597228312978
7	117222031	0.05916670526683
7	127887946	0.149333218399863
7	128085741	0.0618144294112691
7	128771195	0.160062815042687
7	130041019	0.100616105559905
7	130506061	0.11070471250886
7	134678952	0.0547880362593695
7	139227707	0.318450481405796
7	141006373	0.0736599473930088
7	143265148	0.357213451577537
7	143305765	0.0533314910176283
7	1476655	0.86782338403479
7	149005329	0.0735152169234706
7	149015004	0.087427486440516
7	150338333	0.126148858109963
7	150338335	0.0712912192021577
7	158734468	0.0806106755348343
7	2250988	0.0540973897876697
7	22813147	0.0745587401408073
7	22813179	0.157549078795381
7	2369496	0.0660653392553466
7	26191984	0.0554050259326519
7	26196923	0.0674629608942367
7	30026613	0.0544493363582263
7	34940281	0.0565549990643583
7	35905060	0.0577427387515679
7	42924686	0.0602328269135828
7	44060994	0.072303526073209
7	44835564	0.164430134217404
7	56051175	0.19507310529049
7	5606014	0.125571198024154
7	5606283	0.146841458445691
7	6024267	0.0839768396100368
7	66240550	0.0919115311150001
7	67302830	0.11676018847954
7	73191518	0.0806826670661848
7	73686665	0.0584186478073016
7	75888787	0.839819369253245
7	77908838	0.124606706944746
7	780060	0.086123476643227
7	92606544	0.157933076706376
7	94665575	0.0712804373792387
7	95411769	0.053290980547138
7	969418	0.085931529049277
7	98386124	0.0571744197820537
8	116847473	0.0619996733924179
8	116863212	0.188163583648832
8	118110619	0.321854110416665
8	11844459	0.0545700089567271
8	11844865	0.0615996402849873
8	119832798	0.0667482538878398
8	119834574	0.311062903179402
8	123541018	0.0551069991598638
8	127736351	0.0785108943406268
8	129846863	0.0534395353545421
8	143834541	0.209720888629779
8	143990205	0.0606353112275276
8	144084000	0.0666345463190664
8	144097068	0.103867619471919
8	144105673	0.0575837908524111
8	144791786	0.0902855812656631
8	144853045	0.0750465481339829
8	15659625	0.104955962647735
8	15662157	0.225715066925423
8	15673806	0.0630431172053544
8	18071323	0.263400801885892
8	19851849	0.132314858700737
8	22140077	0.0630505552871356
8	22201868	0.133923503036031
8	23302133	0.0799334500622647
8	25507812	0.0565318610621839
8	27671511	0.0606165572667301
8	27811021	0.0832973090514159
8	27828171	0.0579590630091526
8	30183364	0.0783859744056749
8	39017223	0.0703296086238952
8	39054559	0.0624832192273087
8	39071323	0.303544834325261
8	47789220	0.0858281347503756
8	54051073	0.0955393125924295
8	58575994	0.061058348336515
8	6758247	0.370439861284036
8	73793737	0.134970508669131
8	81714007	0.0843739138309655
8	90036866	0.0803843841842038
8	90044931	0.0882673872936608
8	90044958	0.132573645369969
8	96230741	0.0984062528560142
8	96230745	0.926935319702529
8	97776038	0.0867302397784423
8	97816122	0.221606041402034
8	99878178	0.168747479477758
9	104095331	0.0691139289720537
9	104751109	0.110128806802375
9	110250835	0.0643695971611189
9	111583565	0.0637629716985008
9	113221566	0.104212031855511
9	113407735	0.0635986846318701
9	120843106	0.137320362410273
9	122845669	0.303725575262373
9	123104146	0.505428080979956
9	123401808	0.0603864494890213
9	123440400	0.0763454635236586
9	123450724	0.123672860015693
9	124312596	0.366939012816576
9	124350897	0.0516097952597506
9	124869268	0.0562330319544214
9	125238731	0.0709138215723637
9	127506478	0.669844814625021
9	12775088	0.0584417566026111
9	127824931	0.103184656600443
9	128390531	0.066778955239938
9	128640848	0.278218191345629
9	128693898	0.053690614174675
9	128724599	0.128236713979055
9	129148811	0.0632166019526093
9	129175720	0.0604440780273058
9	130107510	0.0913607446530726
9	131523257	0.143252977479991
9	132402793	0.0649641191738626
9	133361815	0.0974048203086152
9	133362841	0.0779737582598483
9	134830171	0.071945750705162
9	134843320	0.114669535480026
9	134843485	0.156332381790598
9	135098482	0.0788731876701962
9	136440652	0.0711617659199537
9	137043009	0.0567553871288525
9	137084498	0.254570096919973
9	137109057	0.11359870564664
9	137113283	0.0733566776317558
9	15527530	0.0570496607832076
9	32405545	0.0580512427627574
9	34610867	0.0825300311420647
9	34616088	0.701043791958403
9	34635332	0.0899876108808677
9	35065303	0.0510414588138133
9	35089068	0.199501963432675
9	35659048	0.906126848498149
9	36083428	0.219615237818223
9	69385851	0.431488543986334
9	75117511	0.167978971532092
9	7796614	0.540587349204071
9	86040857	0.146283906813112
9	86948775	0.0868514316828374
9	89316630	0.0541819586171015
9	92250807	0.0600763927941756
9	95080722	0.213229906242399
9	97546195	0.0929151252935976
9	98076969	0.16478802518972
9	98228965	0.438663888407165
9	99866723	0.106489110832293
X	100635227	0.0643302660580087
X	103253306	0.0544108958529825
X	103253338	0.0552791500223146
X	109537001	0.102405059064912
X	118741040	0.170248115967892
X	119243975	0.0541824733291089
X	119469887	0.0653921403774827
X	119471174	0.11958708331476
X	119873323	0.0670065426977248
X	120605469	0.0819032604430438
X	129592366	0.894204484489035
X	12975194	0.0530275361900975
X	134498641	0.0650044923640394
X	134888713	0.0908849547098318
X	135033188	0.0804803298983191
X	136879023	0.0675464585840765
X	13760268	0.175406653681329
X	151403702	0.0903575157551259
X	152858774	0.0744204200821714
X	153469167	0.0667663272480518
X	153703029	0.273913318134245
X	15384850	0.11191346646119
X	153862095	0.05798434834157
X	153862202	0.153612981848242
X	154534082	0.103361107256209
X	154765961	0.57761451756594
X	15491237	0.0748028356137603
X	155033409	0.174706384272905
X	15854744	0.0566857227887478
X	16857629	0.142306621634252
X	21839736	0.103733441088314
X	21977213	0.0566019665430944
X	23679227	0.15729428185511
X	40599658	0.150521684277999
X	47213099	0.157341185758783
X	47657620	0.0598052343099858
X	49075653	0.115339488089848
X	49174692	0.0545860261196991
X	49249707	0.266269111199065
X	53534150	0.0735424965112421
X	56565916	0.0584435619421329
X	56732099	0.0543731284147534
X	65740648	0.0552153762627434
X	65740881	0.34362218029117
X	70287754	0.0786680336504467
X	70301974	0.159197380737446
X	76178087	0.052303909999417
X	77826433	0.0678504434952633
X	78129969	0.957062353991815
X	7922093	0.0706680473367172
